category,title,description,subscribers
subreddit,vegan,vegan diet and lifestyle,80000,
subreddit,aww,cute pictures of animals,2000000,
subreddit,TrollxChromosomes,period comics and misandry,400000,
subreddit,SubredditDrama,the drama of reddit annotated,200000,
subreddit,pics,pictures of things,30000000,
subreddit,etreat,private support channel,400000,
subreddit,SeattleWA,news and stuff about seattle,300000,
subreddit,oddlysatisfying,oddly....satisfying,400000,
subreddit,lgbt,visibility and support for lgbt,20000
